epoch,binary_accuracy,loss,val_binary_accuracy,val_loss
0,0.909195065498352,0.23224398493766785,0.892399787902832,0.24487291276454926
